Arm1_Actual_J1_rad,Arm1_Actual_J2_rad,Arm1_Actual_J3_rad,Arm1_Actual_J4_rad,Arm1_Solved_J1_rad,Arm1_Solved_J2_rad,Arm1_Solved_J3_rad,Arm1_Solved_J4_rad,Arm1_JointErr_J1_rad,Arm1_JointErr_J2_rad,Arm1_JointErr_J3_rad,Arm1_JointErr_J4_rad,Arm1_JointErr_J1_deg,Arm1_JointErr_J2_deg,Arm1_JointErr_J3_deg,Arm1_JointErr_J4_deg,Arm1_Target_X_m,Arm1_Target_Y_m,Arm1_Target_Z_m,Arm1_Calc_X_m,Arm1_Calc_Y_m,Arm1_Calc_Z_m,Arm1_PosErr_X_m,Arm1_PosErr_Y_m,Arm1_PosErr_Z_m,Arm1_Total_Pos_Error_m,Arm1_Converged,Arm2_Actual_J1_rad,Arm2_Actual_J2_rad,Arm2_Actual_J3_rad,Arm2_Actual_J4_rad,Arm2_Solved_J1_rad,Arm2_Solved_J2_rad,Arm2_Solved_J3_rad,Arm2_Solved_J4_rad,Arm2_JointErr_J1_rad,Arm2_JointErr_J2_rad,Arm2_JointErr_J3_rad,Arm2_JointErr_J4_rad,Arm2_JointErr_J1_deg,Arm2_JointErr_J2_deg,Arm2_JointErr_J3_deg,Arm2_JointErr_J4_deg,Arm2_Target_X_m,Arm2_Target_Y_m,Arm2_Target_Z_m,Arm2_Calc_X_m,Arm2_Calc_Y_m,Arm2_Calc_Z_m,Arm2_PosErr_X_m,Arm2_PosErr_Y_m,Arm2_PosErr_Z_m,Arm2_Total_Pos_Error_m,Arm2_Converged
-8.1555e-05,0,0,0,-7.86188802044455e-05,2.88551994494575e-08,1.33068823348713e-05,0.000146843719654769,2.93611979555453e-06,2.88551994494575e-08,1.33068823348713e-05,0.000146843719654769,0.000168227272430088,1.65328114546213e-06,0.000762428196265318,0.00841352538422053,0.556,0.0281,0.10904,0.555999997878973,0.0281000150047037,0.109039984420433,-2.12102657659585e-09,1.50047037190959e-08,-1.55795668033143e-08,2.1733908742226e-08,1,0,0,0,0,-0.216296219489663,6.61948357605125e-08,0.462462714646076,0.321809754914638,-0.216296219489663,6.61948357605125e-08,0.462462714646076,0.321809754914638,-12.392860501393,3.79268471463902e-06,26.4971617313831,18.4383407627481,0.9058,0.106,0.109,0.90579997604991,0.106000033571602,0.109000032346163,-2.39500896892508e-08,3.35716021648835e-08,3.23461630397093e-08,5.24111966227811e-08,1
-0.024356,0,0,0,-0.0263161326385887,-2.416609832609e-07,0.00430606284765856,0.0030727451434716,-0.00196013263858869,-2.416609832609e-07,0.00430606284765856,0.0030727451434716,-0.112307327476974,-1.38461544138312e-05,0.24671922748892,0.176055328240244,0.55584,0.0281,0.12242,0.555835266100958,0.0280998743368482,0.12241968368897,-4.73389904220856e-06,-1.25663151828714e-07,-3.16311029896488e-07,4.74611883934492e-06,1,0,0,0,0,-0.216296219489663,6.61948357605125e-08,0.462462714646076,0.321809754914638,-0.216296219489663,6.61948357605125e-08,0.462462714646076,0.321809754914638,-12.392860501393,3.79268471463902e-06,26.4971617313831,18.4383407627481,0.9058,0.106,0.109,0.90579997604991,0.106000033571602,0.109000032346163,-2.39500896892508e-08,3.35716021648835e-08,3.23461630397093e-08,5.24111966227811e-08,1
-0.58267,0,0,0,-0.585532939511959,-6.31077979732855e-10,0.0063287042691921,0.150973659605946,-0.0028629395119586,-6.31077979732855e-10,0.0063287042691921,0.150973659605946,-0.164034351036471,-3.61581047823351e-08,0.362608044411133,8.65015351306542,0.4651,0.0281,0.41213,0.465100000303741,0.0280999996718426,0.412129999830644,3.03740921303586e-10,-3.28157393619799e-10,-1.69355862666976e-10,4.78149799206657e-10,1,0,0,0,0,-0.216296219489663,6.61948357605125e-08,0.462462714646076,0.321809754914638,-0.216296219489663,6.61948357605125e-08,0.462462714646076,0.321809754914638,-12.392860501393,3.79268471463902e-06,26.4971617313831,18.4383407627481,0.9058,0.106,0.109,0.90579997604991,0.106000033571602,0.109000032346163,-2.39500896892508e-08,3.35716021648835e-08,3.23461630397093e-08,5.24111966227811e-08,1
-0.60694,0,0,0,-0.606938314067256,-1.8479379916369e-07,-1.44579036160585e-07,0.217950751139026,1.68593274441076e-06,-1.8479379916369e-07,-1.44579036160585e-07,0.217950751139026,9.65968307976445e-05,-1.05879047722676e-05,-8.28376857807084e-06,12.4876581819723,0.45761,0.0281,0.42321,0.457608203679678,0.028099903907224,0.423208752654652,-1.7963203224336e-06,-9.60927759585672e-08,-1.24734534762139e-06,2.18903424793037e-06,1,0,0,0,0,-0.216296219489663,6.61948357605125e-08,0.462462714646076,0.321809754914638,-0.216296219489663,6.61948357605125e-08,0.462462714646076,0.321809754914638,-12.392860501393,3.79268471463902e-06,26.4971617313831,18.4383407627481,0.9058,0.106,0.109,0.90579997604991,0.106000033571602,0.109000032346163,-2.39500896892508e-08,3.35716021648835e-08,3.23461630397093e-08,5.24111966227811e-08,1
-0.69595,0,0,0,-0.717518872685379,-1.2862684133737e-05,0.0475429968511821,0.456384594975089,-0.0215688726853793,-1.2862684133737e-05,0.0475429968511821,0.456384594975089,-1.23580537372724,-0.000736977514073019,2.7240130649765,26.1489111268601,0.42789,0.0281,0.46219,0.427769307239868,0.0280933150359294,0.462088923412886,-0.000120692760132157,-6.68496407059752e-06,-0.000101076587114113,0.000157568739144478,0,0,0,0,0,-0.216296219489663,6.61948357605125e-08,0.462462714646076,0.321809754914638,-0.216296219489663,6.61948357605125e-08,0.462462714646076,0.321809754914638,-12.392860501393,3.79268471463902e-06,26.4971617313831,18.4383407627481,0.9058,0.106,0.109,0.90579997604991,0.106000033571602,0.109000032346163,-2.39500896892508e-08,3.35716021648835e-08,3.23461630397093e-08,5.24111966227811e-08,1
-0.71213,0,0,0,-0.745511381968424,-2.93993535860084e-05,0.0735892568938136,0.479239962843849,-0.0333813819684238,-2.93993535860084e-05,0.0735892568938136,0.479239962843849,-1.91261230110479,-0.00168445888089108,4.21635383751952,27.4584272449589,0.42212,0.0281,0.46898,0.421840741930341,0.0280847322183841,0.468738117726398,-0.000279258069658894,-1.52677816159102e-05,-0.000241882273602279,0.00036976372037842,0,0,0,0,0,-0.216296219489663,6.61948357605125e-08,0.462462714646076,0.321809754914638,-0.216296219489663,6.61948357605125e-08,0.462462714646076,0.321809754914638,-12.392860501393,3.79268471463902e-06,26.4971617313831,18.4383407627481,0.9058,0.106,0.109,0.90579997604991,0.106000033571602,0.109000032346163,-2.39500896892508e-08,3.35716021648835e-08,3.23461630397093e-08,5.24111966227811e-08,1
-0.67976,0,0,0,-0.702961089263771,-1.50481737171275e-05,0.0511314667262841,0.440423992274113,-0.023201089263771,-1.50481737171275e-05,0.0511314667262841,0.440423992274113,-1.32932449492036,-0.000862196843371095,2.92961724372968,25.234435953609,0.43355,0.0281,0.4553,0.433410076121261,0.0280921798638083,0.455186422338789,-0.000139923878738901,-7.82013619170588e-06,-0.000113577661210951,0.00018038772546253,0,0,0,0,0,-0.216296219489663,6.61948357605125e-08,0.462462714646076,0.321809754914638,-0.216296219489663,6.61948357605125e-08,0.462462714646076,0.321809754914638,-12.392860501393,3.79268471463902e-06,26.4971617313831,18.4383407627481,0.9058,0.106,0.109,0.90579997604991,0.106000033571602,0.109000032346163,-2.39500896892508e-08,3.35716021648835e-08,3.23461630397093e-08,5.24111966227811e-08,1
-0.46939,0,0,0,-0.469378767011324,-1.42468663174471e-08,-1.97301696545475e-07,0.533182332746653,1.1232988675558e-05,-1.42468663174471e-08,-1.97301696545475e-07,0.533182332746653,0.000643602842427722,-8.16285311276808e-07,-1.13045545028266e-05,30.5490973773231,0.49642,0.0281,0.35819,0.496419847715735,0.0280999925916295,0.358189922746646,-1.52284264476332e-07,-7.40837048651688e-09,-7.72533537141129e-08,1.70919460040221e-07,1,0,0,0,0,-0.216296219489663,6.61948357605125e-08,0.462462714646076,0.321809754914638,-0.216296219489663,6.61948357605125e-08,0.462462714646076,0.321809754914638,-12.392860501393,3.79268471463902e-06,26.4971617313831,18.4383407627481,0.9058,0.106,0.109,0.90579997604991,0.106000033571602,0.109000032346163,-2.39500896892508e-08,3.35716021648835e-08,3.23461630397093e-08,5.24111966227811e-08,1
-0.44511,0,0,0,-0.44180205847675,-4.66064040283572e-10,-0.00727881344114202,0.257457006181191,0.00330794152324987,-4.66064040283572e-10,-0.00727881344114202,0.257457006181191,0.189531088158294,-2.67035024910639e-08,-0.417045290040533,14.7511998602558,0.50232,0.0281,0.34619,0.502320000148341,0.0280999997576498,0.346189999739979,1.48341450234568e-10,-2.42350212814602e-10,-2.60021282283418e-10,3.85162146049285e-10,1,0,0,0,0,-0.216296219489663,6.61948357605125e-08,0.462462714646076,0.321809754914638,-0.216296219489663,6.61948357605125e-08,0.462462714646076,0.321809754914638,-12.392860501393,3.79268471463902e-06,26.4971617313831,18.4383407627481,0.9058,0.106,0.109,0.90579997604991,0.106000033571602,0.109000032346163,-2.39500896892508e-08,3.35716021648835e-08,3.23461630397093e-08,5.24111966227811e-08,1
-0.21855,0,0,0,-0.218542923519079,-3.00665134030619e-07,-3.52631268793897e-08,0.156091559061609,7.07648092149182e-06,-3.00665134030619e-07,-3.52631268793897e-08,0.156091559061609,0.000405452490606329,-1.72268432266897e-05,-2.02042834262336e-06,8.94338755184721,0.5429,0.0281,0.22844,0.542896512517839,0.0280998436541293,0.228439225870918,-3.48748216061345e-06,-1.56345870715169e-07,-7.74129081726471e-07,3.57578686264456e-06,1,0,0,0,0,-0.216296219489663,6.61948357605125e-08,0.462462714646076,0.321809754914638,-0.216296219489663,6.61948357605125e-08,0.462462714646076,0.321809754914638,-12.392860501393,3.79268471463902e-06,26.4971617313831,18.4383407627481,0.9058,0.106,0.109,0.90579997604991,0.106000033571602,0.109000032346163,-2.39500896892508e-08,3.35716021648835e-08,3.23461630397093e-08,5.24111966227811e-08,1
-0.072905,0,0,0,-0.0729086744736759,-3.00010945824789e-07,2.94220060924842e-07,0.0258989184377619,-3.6744736758576e-06,-3.00010945824789e-07,2.94220060924842e-07,0.0258989184377619,-0.000210531833558562,-1.71893610034884e-05,1.68575677390754e-05,1.48389872043731,0.55454,0.0281,0.14913,0.554536458039882,0.0280998439943072,0.149129741005185,-3.54196011764785e-06,-1.56005692839717e-07,-2.58994814844593e-07,3.55484142618524e-06,1,0,0,0,0,-0.216296219489663,6.61948357605125e-08,0.462462714646076,0.321809754914638,-0.216296219489663,6.61948357605125e-08,0.462462714646076,0.321809754914638,-12.392860501393,3.79268471463902e-06,26.4971617313831,18.4383407627481,0.9058,0.106,0.109,0.90579997604991,0.106000033571602,0.109000032346163,-2.39500896892508e-08,3.35716021648835e-08,3.23461630397093e-08,5.24111966227811e-08,1
0.18602,0,0,0,0.144784821949041,-4.95948860321399e-05,0.0908519076300741,-0.0537485674653131,-0.041235178050959,-4.95948860321399e-05,0.0908519076300741,-0.0537485674653131,-2.36260166979044,-0.00284157765507394,5.20543086791564,-3.07956607063661,0.5465,0.0281,0.0071101,0.545944265493327,0.028074261765999,0.00722059173646037,-0.000555734506673011,-2.57382340010312e-05,0.00011049173646037,0.000567196370248096,0,0,0,0,0,-0.216296219489663,6.61948357605125e-08,0.462462714646076,0.321809754914638,-0.216296219489663,6.61948357605125e-08,0.462462714646076,0.321809754914638,-12.392860501393,3.79268471463902e-06,26.4971617313831,18.4383407627481,0.9058,0.106,0.109,0.90579997604991,0.106000033571602,0.109000032346163,-2.39500896892508e-08,3.35716021648835e-08,3.23461630397093e-08,5.24111966227811e-08,1
-1.7317,0,0,0,-1.73165349923882,-1.65965785505933e-07,-5.34809680773853e-07,1.50585083310723,4.65007611780699e-05,-1.65965785505933e-07,-5.34809680773853e-07,1.50585083310723,0.00266429735964919,-9.50913905306343e-06,-3.06423375510806e-05,86.2788973133034,-0.083135,0.0281,0.65279,-0.0831346851198328,0.0280999136977912,0.652788060287285,3.14880167232023e-07,-8.63022087925491e-08,-1.9397127151155e-06,1.96699847690315e-06,1,0,0,0,0,-0.216296219489663,6.61948357605125e-08,0.462462714646076,0.321809754914638,-0.216296219489663,6.61948357605125e-08,0.462462714646076,0.321809754914638,-12.392860501393,3.79268471463902e-06,26.4971617313831,18.4383407627481,0.9058,0.106,0.109,0.90579997604991,0.106000033571602,0.109000032346163,-2.39500896892508e-08,3.35716021648835e-08,3.23461630397093e-08,5.24111966227811e-08,1
-1.7397,0,0,0,-1.7397445987372,-3.08365757669812e-07,3.11721055504755e-07,2.17466862435814,-4.45987371999745e-05,-3.08365757669812e-07,3.11721055504755e-07,2.17466862435814,-0.00255531941317164,-1.76680564608341e-05,1.78603008657857e-05,124.599334015242,-0.087532,0.0281,0.65206,-0.0875313841762391,0.0280998396498049,0.65205639155803,6.15823760929946e-07,-1.60350195090725e-07,-3.60844197033749e-06,3.66412398028297e-06,1,0,0,0,0,-0.216296219489663,6.61948357605125e-08,0.462462714646076,0.321809754914638,-0.216296219489663,6.61948357605125e-08,0.462462714646076,0.321809754914638,-12.392860501393,3.79268471463902e-06,26.4971617313831,18.4383407627481,0.9058,0.106,0.109,0.90579997604991,0.106000033571602,0.109000032346163,-2.39500896892508e-08,3.35716021648835e-08,3.23461630397093e-08,5.24111966227811e-08,1
-1.7236,0,0,0,-1.72702366229648,-2.44041598066747e-10,0.00762022511689521,-0.127865642682958,-0.00342366229648206,-2.44041598066747e-10,0.00762022511689521,-0.127865642682958,-0.196161400066489,-1.39825535948526e-08,0.43660673813768,-7.32616167046135,-0.078733,0.0281,0.65348,-0.0787329993932268,0.0280999998731001,0.653479999712963,6.06773242761705e-10,-1.26899876023989e-10,-2.87036505675076e-10,6.83130516268023e-10,1,0,0,0,0,-0.216296219489663,6.61948357605125e-08,0.462462714646076,0.321809754914638,-0.216296219489663,6.61948357605125e-08,0.462462714646076,0.321809754914638,-12.392860501393,3.79268471463902e-06,26.4971617313831,18.4383407627481,0.9058,0.106,0.109,0.90579997604991,0.106000033571602,0.109000032346163,-2.39500896892508e-08,3.35716021648835e-08,3.23461630397093e-08,5.24111966227811e-08,1
-1.4889,0,0,0,-1.49242232815061,-1.19828492934649e-09,0.00773798403873179,0.815938582522281,-0.00352232815061337,-1.19828492934649e-09,0.00773798403873179,0.815938582522281,-0.201814537090267,-6.86566691056859e-08,0.443353827358927,46.7498371204135,0.05016,0.0281,0.65805,0.0501600003833396,0.0280999993769008,0.658049999741432,3.83339644749459e-10,-6.23099214586142e-10,-2.5856783381073e-10,7.75924763837372e-10,1,0,0,0,0,-0.216296219489663,6.61948357605125e-08,0.462462714646076,0.321809754914638,-0.216296219489663,6.61948357605125e-08,0.462462714646076,0.321809754914638,-12.392860501393,3.79268471463902e-06,26.4971617313831,18.4383407627481,0.9058,0.106,0.109,0.90579997604991,0.106000033571602,0.109000032346163,-2.39500896892508e-08,3.35716021648835e-08,3.23461630397093e-08,5.24111966227811e-08,1
-1.497,0,0,0,-1.49553189311112,5.11979588856348e-10,-0.00324095160426672,0.959167312727277,0.00146810688887977,5.11979588856348e-10,-0.00324095160426672,0.959167312727277,0.0841163286068927,2.93342696383118e-08,-0.185692848530636,54.9562388661777,0.045716,0.0281,0.6584,0.0457159998790308,0.0281000002662287,0.658400000360176,-1.2096924850713e-10,2.66228698808657e-10,3.60176111158239e-10,4.63937614559116e-10,1,0,0,0,0,-0.216296219489663,6.61948357605125e-08,0.462462714646076,0.321809754914638,-0.216296219489663,6.61948357605125e-08,0.462462714646076,0.321809754914638,-12.392860501393,3.79268471463902e-06,26.4971617313831,18.4383407627481,0.9058,0.106,0.109,0.90579997604991,0.106000033571602,0.109000032346163,-2.39500896892508e-08,3.35716021648835e-08,3.23461630397093e-08,5.24111966227811e-08,1
-1.497,0,0,0,-1.49553189311112,5.11979588856348e-10,-0.00324095160426672,0.959167312727277,0.00146810688887977,5.11979588856348e-10,-0.00324095160426672,0.959167312727277,0.0841163286068927,2.93342696383118e-08,-0.185692848530636,54.9562388661777,0.045716,0.0281,0.6584,0.0457159998790308,0.0281000002662287,0.658400000360176,-1.2096924850713e-10,2.66228698808657e-10,3.60176111158239e-10,4.63937614559116e-10,1,0,0,0,0,-0.216296219489663,6.61948357605125e-08,0.462462714646076,0.321809754914638,-0.216296219489663,6.61948357605125e-08,0.462462714646076,0.321809754914638,-12.392860501393,3.79268471463902e-06,26.4971617313831,18.4383407627481,0.9058,0.106,0.109,0.90579997604991,0.106000033571602,0.109000032346163,-2.39500896892508e-08,3.35716021648835e-08,3.23461630397093e-08,5.24111966227811e-08,1
-1.5213,0,0,0,-1.52503628102731,7.03949451016118e-10,0.00828468884546477,0.674445946235391,-0.00373628102731183,7.03949451016118e-10,0.00828468884546477,0.674445946235391,-0.214073133939771,4.03333325337749e-08,0.474677705424242,38.6429062289951,0.032369,0.0281,0.65922,0.0323690001600792,0.0281000003660477,0.659220000085245,1.6007923459016e-10,3.66047657462953e-10,8.52448112098614e-11,4.08513067990844e-10,1,0,0,0,0,-0.216296219489663,6.61948357605125e-08,0.462462714646076,0.321809754914638,-0.216296219489663,6.61948357605125e-08,0.462462714646076,0.321809754914638,-12.392860501393,3.79268471463902e-06,26.4971617313831,18.4383407627481,0.9058,0.106,0.109,0.90579997604991,0.106000033571602,0.109000032346163,-2.39500896892508e-08,3.35716021648835e-08,3.23461630397093e-08,5.24111966227811e-08,1
-1.5213,-8.1555e-05,0,0,-1.52127768146583,-8.10596880238601e-05,2.54317677587363e-07,2.76119039194815,2.23185341734489e-05,4.95311976139951e-07,2.54317677587363e-07,2.76119039194815,0.00127875781305712,2.83792857751037e-05,1.45713295813247e-05,158.204555890702,0.032369,0.028058,0.65923,0.0323688291851951,0.0280578488873681,0.659226549141032,-1.70814804946462e-07,-1.51112631935346e-07,-3.45085896780173e-06,3.45838695648375e-06,1,0,0,0,0,-0.216296219489663,6.61948357605125e-08,0.462462714646076,0.321809754914638,-0.216296219489663,6.61948357605125e-08,0.462462714646076,0.321809754914638,-12.392860501393,3.79268471463902e-06,26.4971617313831,18.4383407627481,0.9058,0.106,0.109,0.90579997604991,0.106000033571602,0.109000032346163,-2.39500896892508e-08,3.35716021648835e-08,3.23461630397093e-08,5.24111966227811e-08,1
-1.5213,-0.032447,0,0,-1.52175015463879,-0.0324460851368337,0.00104308656837355,1.22039564571716,-0.000450154638785838,9.14863166341651e-07,0.00104308656837355,1.22039564571716,-0.0257919609306646,5.24177982633516e-05,0.0597644580345886,69.923519835736,0.032392,0.011219,0.65969,0.0323920001071881,0.0112190000279903,0.659689999962658,1.07188063980246e-10,2.79902871713755e-11,-3.73417963217548e-11,1.1690657376001e-10,1,0,0,0,0,-0.216296219489663,6.61948357605125e-08,0.462462714646076,0.321809754914638,-0.216296219489663,6.61948357605125e-08,0.462462714646076,0.321809754914638,-12.392860501393,3.79268471463902e-06,26.4971617313831,18.4383407627481,0.9058,0.106,0.109,0.90579997604991,0.106000033571602,0.109000032346163,-2.39500896892508e-08,3.35716021648835e-08,3.23461630397093e-08,5.24111966227811e-08,1
-1.5213,-0.8335,0,0,-1.52514081734869,-0.833503943491142,0.00614419383629234,2.9687808928628,-0.00384081734869479,-3.94349114185566e-06,0.00614419383629234,2.9687808928628,-0.220062623960838,-0.000225945398975555,0.352036375329845,170.098615460119,0.02477,-0.36432,0.50588,0.0247699999317913,-0.364319999583961,0.505880000199103,-6.82087095138506e-11,4.16039203088303e-10,1.99103289411084e-10,4.66243677076922e-10,1,0,0,0,0,-0.216296219489663,6.61948357605125e-08,0.462462714646076,0.321809754914638,-0.216296219489663,6.61948357605125e-08,0.462462714646076,0.321809754914638,-12.392860501393,3.79268471463902e-06,26.4971617313831,18.4383407627481,0.9058,0.106,0.109,0.90579997604991,0.106000033571602,0.109000032346163,-2.39500896892508e-08,3.35716021648835e-08,3.23461630397093e-08,5.24111966227811e-08,1
-1.5213,-1.0358,0,0,-1.52487094401291,-1.03578545110225,0.0045385686174317,1.04643596691508,-0.00357094401291214,1.45488977481012e-05,0.0045385686174317,1.04643596691508,-0.204600020817375,0.000833590437533586,0.260040826809362,59.9563644349256,0.020724,-0.43041,0.42425,0.0207240000846504,-0.430409999822586,0.424250000073818,8.46503700469015e-11,1.77413805868554e-10,7.38180627735119e-11,2.09977260800965e-10,1,0,0,0,0,-0.216296219489663,6.61948357605125e-08,0.462462714646076,0.321809754914638,-0.216296219489663,6.61948357605125e-08,0.462462714646076,0.321809754914638,-12.392860501393,3.79268471463902e-06,26.4971617313831,18.4383407627481,0.9058,0.106,0.109,0.90579997604991,0.106000033571602,0.109000032346163,-2.39500896892508e-08,3.35716021648835e-08,3.23461630397093e-08,5.24111966227811e-08,1
-1.5213,-1.2219,0,0,1.62031636887154,-2.11189026111428,2.68528754580727e-08,0.439274491030748,3.14161636887154,-0.889990261114275,2.68528754580727e-08,0.439274491030748,180.001358785554,-50.9926857695941,1.53855643153799e-06,25.1685743838192,0.01649,-0.47557,0.33882,0.0158610300685474,-0.452159469683078,0.326129039178532,-0.000628969931452603,0.023410530316922,-0.0126909608214679,0.0266366105100899,0,0,0,0,0,-0.216296219489663,6.61948357605125e-08,0.462462714646076,0.321809754914638,-0.216296219489663,6.61948357605125e-08,0.462462714646076,0.321809754914638,-12.392860501393,3.79268471463902e-06,26.4971617313831,18.4383407627481,0.9058,0.106,0.109,0.90579997604991,0.106000033571602,0.109000032346163,-2.39500896892508e-08,3.35716021648835e-08,3.23461630397093e-08,5.24111966227811e-08,1
-1.5213,-1.2381,0,0,1.62031449097885,-2.09656492316759,7.42060767452255e-08,1.2555346422695,3.14161449097885,-0.858464923167592,7.42060767452255e-08,1.2555346422695,180.001251190228,-49.1864169575255,4.2516950117253e-06,71.9368360345101,0.016103,-0.47873,0.33102,0.0155121646718314,-0.455910813961869,0.319098084874278,-0.000590835328168575,0.0228191860381309,-0.0119219151257219,0.0257525998317211,0,0,0,0,0,-0.216296219489663,6.61948357605125e-08,0.462462714646076,0.321809754914638,-0.216296219489663,6.61948357605125e-08,0.462462714646076,0.321809754914638,-12.392860501393,3.79268471463902e-06,26.4971617313831,18.4383407627481,0.9058,0.106,0.109,0.90579997604991,0.106000033571602,0.109000032346163,-2.39500896892508e-08,3.35716021648835e-08,3.23461630397093e-08,5.24111966227811e-08,1
-1.5213,-0.99533,0,0,-1.52127603888979,-0.995325773804201,3.36655360186228e-07,0.135992924728424,2.39611102061943e-05,4.22619579865113e-06,3.36655360186228e-07,0.135992924728424,0.00137287048726277,0.00024214318265863,1.92889312891274e-05,7.79182063057897,0.021585,-0.41854,0.44162,0.021584944834479,-0.418538444126721,0.441618892415877,-5.51655209672652e-08,1.55587327910212e-06,-1.10758412280587e-06,1.91063536144896e-06,1,0,0,0,0,-0.216296219489663,6.61948357605125e-08,0.462462714646076,0.321809754914638,-0.216296219489663,6.61948357605125e-08,0.462462714646076,0.321809754914638,-12.392860501393,3.79268471463902e-06,26.4971617313831,18.4383407627481,0.9058,0.106,0.109,0.90579997604991,0.106000033571602,0.109000032346163,-2.39500896892508e-08,3.35716021648835e-08,3.23461630397093e-08,5.24111966227811e-08,1
-1.5213,-0.65549,0,0,-1.52127606721014,-0.655486544907065,-3.41951095307601e-08,2.67001238423073,2.39327898592379e-05,3.45509293520063e-06,-3.41951095307601e-08,2.67001238423073,0.00137124785090782,0.000197962243012464,-1.95923545610013e-06,152.980440864083,0.027723,-0.29359,0.56547,0.0277229066853749,-0.2935886797333,0.565468120648777,-9.33146251137773e-08,1.32026669974472e-06,-1.87935122342164e-06,2.29864586195685e-06,1,0,0,0,0,-0.216296219489663,6.61948357605125e-08,0.462462714646076,0.321809754914638,-0.216296219489663,6.61948357605125e-08,0.462462714646076,0.321809754914638,-12.392860501393,3.79268471463902e-06,26.4971617313831,18.4383407627481,0.9058,0.106,0.109,0.90579997604991,0.106000033571602,0.109000032346163,-2.39500896892508e-08,3.35716021648835e-08,3.23461630397093e-08,5.24111966227811e-08,1
-1.5213,-0.6474,0,0,-1.5202764219541,-0.647393503042761,-0.00183689889050929,1.23290116642626,0.00102357804589559,6.49695723942134e-06,-0.00183689889050929,1.23290116642626,0.0586467020320654,0.000372248229495809,-0.105246553818446,70.6400333929809,0.027842,-0.29013,0.56787,0.027842000006814,-0.290130000024846,0.567870000146384,6.81401116087166e-12,-2.48455145346327e-11,1.46383571930642e-10,1.48633376035682e-10,1,0,0,0,0,-0.216296219489663,6.61948357605125e-08,0.462462714646076,0.321809754914638,-0.216296219489663,6.61948357605125e-08,0.462462714646076,0.321809754914638,-12.392860501393,3.79268471463902e-06,26.4971617313831,18.4383407627481,0.9058,0.106,0.109,0.90579997604991,0.106000033571602,0.109000032346163,-2.39500896892508e-08,3.35716021648835e-08,3.23461630397093e-08,5.24111966227811e-08,1
-1.5213,-0.65549,0,0,-1.52127606721014,-0.655486544907065,-3.41951095307601e-08,2.67001238423073,2.39327898592379e-05,3.45509293520063e-06,-3.41951095307601e-08,2.67001238423073,0.00137124785090782,0.000197962243012464,-1.95923545610013e-06,152.980440864083,0.027723,-0.29359,0.56547,0.0277229066853749,-0.2935886797333,0.565468120648777,-9.33146251137773e-08,1.32026669974472e-06,-1.87935122342164e-06,2.29864586195685e-06,1,0,0,0,0,-0.216296219489663,6.61948357605125e-08,0.462462714646076,0.321809754914638,-0.216296219489663,6.61948357605125e-08,0.462462714646076,0.321809754914638,-12.392860501393,3.79268471463902e-06,26.4971617313831,18.4383407627481,0.9058,0.106,0.109,0.90579997604991,0.106000033571602,0.109000032346163,-2.39500896892508e-08,3.35716021648835e-08,3.23461630397093e-08,5.24111966227811e-08,1
-1.5213,-0.65549,0.62832,0,-0.846944757972795,-0.655487822167852,-0.628274245165899,1.80260500471426,0.674355242027205,2.17783214839784e-06,-1.2565942451659,1.80260500471426,38.637709260682,0.000124780590591105,-71.9975468084335,103.281658899287,0.17262,-0.26449,0.52039,0.172620024477836,-0.2644899570077,0.520390019871592,2.44778356472963e-08,4.29923003308907e-08,1.98715919275116e-08,5.33139990194987e-08,1,0,0,0,0,-0.216296219489663,6.61948357605125e-08,0.462462714646076,0.321809754914638,-0.216296219489663,6.61948357605125e-08,0.462462714646076,0.321809754914638,-12.392860501393,3.79268471463902e-06,26.4971617313831,18.4383407627481,0.9058,0.106,0.109,0.90579997604991,0.106000033571602,0.109000032346163,-2.39500896892508e-08,3.35716021648835e-08,3.23461630397093e-08,5.24111966227811e-08,1
-1.5213,-0.65549,0.62832,-8.1555e-05,-0.846944757972795,-0.655487822167852,-0.628274245165899,1.80260500471426,0.674355242027205,2.17783214839784e-06,-1.2565942451659,1.80268655971426,38.637709260682,0.000124780590591105,-71.9975468084335,103.286331656585,0.17262,-0.26449,0.52039,0.172620024477836,-0.2644899570077,0.520390019871592,2.44778356472963e-08,4.29923003308907e-08,1.98715919275116e-08,5.33139990194987e-08,1,0,0,0,0,-0.216296219489663,6.61948357605125e-08,0.462462714646076,0.321809754914638,-0.216296219489663,6.61948357605125e-08,0.462462714646076,0.321809754914638,-12.392860501393,3.79268471463902e-06,26.4971617313831,18.4383407627481,0.9058,0.106,0.109,0.90579997604991,0.106000033571602,0.109000032346163,-2.39500896892508e-08,3.35716021648835e-08,3.23461630397093e-08,5.24111966227811e-08,1
-1.5213,-0.65549,0.62832,-8.1555e-05,-0.846944757972795,-0.655487822167852,-0.628274245165899,1.80260500471426,0.674355242027205,2.17783214839784e-06,-1.2565942451659,1.80268655971426,38.637709260682,0.000124780590591105,-71.9975468084335,103.286331656585,0.17262,-0.26449,0.52039,0.172620024477836,-0.2644899570077,0.520390019871592,2.44778356472963e-08,4.29923003308907e-08,1.98715919275116e-08,5.33139990194987e-08,1,0,0,0,0,-0.216296219489663,6.61948357605125e-08,0.462462714646076,0.321809754914638,-0.216296219489663,6.61948357605125e-08,0.462462714646076,0.321809754914638,-12.392860501393,3.79268471463902e-06,26.4971617313831,18.4383407627481,0.9058,0.106,0.109,0.90579997604991,0.106000033571602,0.109000032346163,-2.39500896892508e-08,3.35716021648835e-08,3.23461630397093e-08,5.24111966227811e-08,1
-1.5213,-0.65549,0.62832,-0.84969,-0.846944757972795,-0.655487822167852,-0.628274245165899,1.80260500471426,0.674355242027205,2.17783214839784e-06,-1.2565942451659,2.65229500471426,38.637709260682,0.000124780590591105,-71.9975468084335,151.965309793758,0.17262,-0.26449,0.52039,0.172620024477836,-0.2644899570077,0.520390019871592,2.44778356472963e-08,4.29923003308907e-08,1.98715919275116e-08,5.33139990194987e-08,1,0,0,0,0,-0.216296219489663,6.61948357605125e-08,0.462462714646076,0.321809754914638,-0.216296219489663,6.61948357605125e-08,0.462462714646076,0.321809754914638,-12.392860501393,3.79268471463902e-06,26.4971617313831,18.4383407627481,0.9058,0.106,0.109,0.90579997604991,0.106000033571602,0.109000032346163,-2.39500896892508e-08,3.35716021648835e-08,3.23461630397093e-08,5.24111966227811e-08,1
-1.5213,-0.65549,0.62832,-1.0358,-0.846944757972795,-0.655487822167852,-0.628274245165899,1.80260500471426,0.674355242027205,2.17783214839784e-06,-1.2565942451659,2.83840500471426,38.637709260682,0.000124780590591105,-71.9975468084335,162.628627318938,0.17262,-0.26449,0.52039,0.172620024477836,-0.2644899570077,0.520390019871592,2.44778356472963e-08,4.29923003308907e-08,1.98715919275116e-08,5.33139990194987e-08,1,0,0,0,0,-0.216296219489663,6.61948357605125e-08,0.462462714646076,0.321809754914638,-0.216296219489663,6.61948357605125e-08,0.462462714646076,0.321809754914638,-12.392860501393,3.79268471463902e-06,26.4971617313831,18.4383407627481,0.9058,0.106,0.109,0.90579997604991,0.106000033571602,0.109000032346163,-2.39500896892508e-08,3.35716021648835e-08,3.23461630397093e-08,5.24111966227811e-08,1
-1.5213,-0.65549,0.62832,-1.0277,-0.846944757972795,-0.655487822167852,-0.628274245165899,1.80260500471426,0.674355242027205,2.17783214839784e-06,-1.2565942451659,2.83030500471426,38.637709260682,0.000124780590591105,-71.9975468084335,162.164531504882,0.17262,-0.26449,0.52039,0.172620024477836,-0.2644899570077,0.520390019871592,2.44778356472963e-08,4.29923003308907e-08,1.98715919275116e-08,5.33139990194987e-08,1,0,0,0,0,-0.216296219489663,6.61948357605125e-08,0.462462714646076,0.321809754914638,-0.216296219489663,6.61948357605125e-08,0.462462714646076,0.321809754914638,-12.392860501393,3.79268471463902e-06,26.4971617313831,18.4383407627481,0.9058,0.106,0.109,0.90579997604991,0.106000033571602,0.109000032346163,-2.39500896892508e-08,3.35716021648835e-08,3.23461630397093e-08,5.24111966227811e-08,1
-1.5213,-0.65549,0.62832,-0.93869,-0.846944757972795,-0.655487822167852,-0.628274245165899,1.80260500471426,0.674355242027205,2.17783214839784e-06,-1.2565942451659,2.74129500471426,38.637709260682,0.000124780590591105,-71.9975468084335,157.064634170422,0.17262,-0.26449,0.52039,0.172620024477836,-0.2644899570077,0.520390019871592,2.44778356472963e-08,4.29923003308907e-08,1.98715919275116e-08,5.33139990194987e-08,1,0,0,0,0,-0.216296219489663,6.61948357605125e-08,0.462462714646076,0.321809754914638,-0.216296219489663,6.61948357605125e-08,0.462462714646076,0.321809754914638,-12.392860501393,3.79268471463902e-06,26.4971617313831,18.4383407627481,0.9058,0.106,0.109,0.90579997604991,0.106000033571602,0.109000032346163,-2.39500896892508e-08,3.35716021648835e-08,3.23461630397093e-08,5.24111966227811e-08,1
-1.5213,-0.65549,0.62832,-0.50175,-0.846944757972795,-0.655487822167852,-0.628274245165899,1.80260500471426,0.674355242027205,2.17783214839784e-06,-1.2565942451659,2.30435500471426,38.637709260682,0.000124780590591105,-71.9975468084335,132.029816269976,0.17262,-0.26449,0.52039,0.172620024477836,-0.2644899570077,0.520390019871592,2.44778356472963e-08,4.29923003308907e-08,1.98715919275116e-08,5.33139990194987e-08,1,0,0,0,0,-0.216296219489663,6.61948357605125e-08,0.462462714646076,0.321809754914638,-0.216296219489663,6.61948357605125e-08,0.462462714646076,0.321809754914638,-12.392860501393,3.79268471463902e-06,26.4971617313831,18.4383407627481,0.9058,0.106,0.109,0.90579997604991,0.106000033571602,0.109000032346163,-2.39500896892508e-08,3.35716021648835e-08,3.23461630397093e-08,5.24111966227811e-08,1
-1.5213,-0.65549,0.62832,-0.32374,-0.846944757972795,-0.655487822167852,-0.628274245165899,1.80260500471426,0.674355242027205,2.17783214839784e-06,-1.2565942451659,2.12634500471426,38.637709260682,0.000124780590591105,-71.9975468084335,121.830594558852,0.17262,-0.26449,0.52039,0.172620024477836,-0.2644899570077,0.520390019871592,2.44778356472963e-08,4.29923003308907e-08,1.98715919275116e-08,5.33139990194987e-08,1,0,0,0,0,-0.216296219489663,6.61948357605125e-08,0.462462714646076,0.321809754914638,-0.216296219489663,6.61948357605125e-08,0.462462714646076,0.321809754914638,-12.392860501393,3.79268471463902e-06,26.4971617313831,18.4383407627481,0.9058,0.106,0.109,0.90579997604991,0.106000033571602,0.109000032346163,-2.39500896892508e-08,3.35716021648835e-08,3.23461630397093e-08,5.24111966227811e-08,1
-1.5213,-0.65549,0.62832,-0.32374,-0.846944757972795,-0.655487822167852,-0.628274245165899,1.80260500471426,0.674355242027205,2.17783214839784e-06,-1.2565942451659,2.12634500471426,38.637709260682,0.000124780590591105,-71.9975468084335,121.830594558852,0.17262,-0.26449,0.52039,0.172620024477836,-0.2644899570077,0.520390019871592,2.44778356472963e-08,4.29923003308907e-08,1.98715919275116e-08,5.33139990194987e-08,1,-0.0041263,0,0,0,-0.220382853590899,-3.4230781743675e-08,0.462389906751358,0.0949064656116125,-0.216256553590899,-3.4230781743675e-08,0.462389906751358,0.0949064656116125,-12.3905878128032,-1.96127932334604e-06,26.4929901463005,5.43773992804888,0.9058,0.106,0.10673,0.905799998323454,0.105999982639104,0.106729980810935,-1.676545791085e-09,-1.73608964287864e-08,-1.91890648093551e-08,2.59312888005645e-08,1
-1.5213,-0.65549,0.62832,-0.32374,-0.846944757972795,-0.655487822167852,-0.628274245165899,1.80260500471426,0.674355242027205,2.17783214839784e-06,-1.2565942451659,2.12634500471426,38.637709260682,0.000124780590591105,-71.9975468084335,121.830594558852,0.17262,-0.26449,0.52039,0.172620024477836,-0.2644899570077,0.520390019871592,2.44778356472963e-08,4.29923003308907e-08,1.98715919275116e-08,5.33139990194987e-08,1,-0.27924,0,0,0,-0.495543979390052,1.95063269823281e-09,0.462485285986797,-2.81707072491154,-0.216303979390052,1.95063269823281e-09,0.462485285986797,-2.81707072491154,-12.3933051109347,1.11763020988956e-07,26.4984549739443,-161.40626312729,0.88446,0.106,-0.04284,0.884459997818443,0.106000000989284,-0.0428399971394073,-2.18155671305453e-09,9.89284418273506e-10,2.86059273491013e-09,3.73106742736347e-09,1
-1.5213,-0.65549,0.62832,-0.32374,-0.846944757972795,-0.655487822167852,-0.628274245165899,1.80260500471426,0.674355242027205,2.17783214839784e-06,-1.2565942451659,2.12634500471426,38.637709260682,0.000124780590591105,-71.9975468084335,121.830594558852,0.17262,-0.26449,0.52039,0.172620024477836,-0.2644899570077,0.520390019871592,2.44778356472963e-08,4.29923003308907e-08,1.98715919275116e-08,5.33139990194987e-08,1,-0.72427,0,0,0,-0.507994010050201,8.30017034134411e-08,-0.462405447315557,-0.391494584483408,0.216275989949799,8.30017034134411e-08,-0.462405447315557,-0.391494584483408,12.3917014341373,4.75564729798678e-06,-26.4938805550404,-22.4309873931272,0.76752,0.106,-0.25602,0.767520004923642,0.106000042095993,-0.256019985709427,4.92364171655879e-09,4.20959933300491e-08,1.42905731692622e-08,4.47273449212293e-08,1
-1.5213,-0.65549,0.62832,-0.32374,-0.846944757972795,-0.655487822167852,-0.628274245165899,1.80260500471426,0.674355242027205,2.17783214839784e-06,-1.2565942451659,2.12634500471426,38.637709260682,0.000124780590591105,-71.9975468084335,121.830594558852,0.17262,-0.26449,0.52039,0.172620024477836,-0.2644899570077,0.520390019871592,2.44778356472963e-08,4.29923003308907e-08,1.98715919275116e-08,5.33139990194987e-08,1,-0.76473,0,0,0,-0.981047392022761,5.76870308453183e-09,0.462504859249006,-0.109427135248397,-0.216317392022761,5.76870308453183e-09,0.462504859249006,-0.109427135248397,-12.3940735981811,3.30522340007774e-07,26.4995764392602,-6.26971301394037,0.75241,0.106,-0.27241,0.752410000459404,0.106000002925647,-0.272409993179722,4.59404403407859e-10,2.92564665549389e-09,6.82027750942282e-09,7.43549904607699e-09,1
-1.5213,-0.65549,0.62832,-0.32374,-0.846944757972795,-0.655487822167852,-0.628274245165899,1.80260500471426,0.674355242027205,2.17783214839784e-06,-1.2565942451659,2.12634500471426,38.637709260682,0.000124780590591105,-71.9975468084335,121.830594558852,0.17262,-0.26449,0.52039,0.172620024477836,-0.2644899570077,0.520390019871592,2.44778356472963e-08,4.29923003308907e-08,1.98715919275116e-08,5.33139990194987e-08,1,-0.036493,0,0,0,-0.2528132791956,5.09357106124978e-08,0.462511755132488,-0.270181922049579,-0.2163202791956,5.09357106124978e-08,0.462511755132488,-0.270181922049579,-12.3942390209995,2.91840124459584e-06,26.4999715442798,-15.4802838341735,0.90543,0.106,0.0889,0.905430001404705,0.106000025832436,0.0888999669469684,1.40470512999258e-09,2.58324360513651e-08,-3.30530316172695e-08,4.19736923315344e-08,1
-1.5213,-0.65549,0.62832,-0.32374,-0.846944757972795,-0.655487822167852,-0.628274245165899,1.80260500471426,0.674355242027205,2.17783214839784e-06,-1.2565942451659,2.12634500471426,38.637709260682,0.000124780590591105,-71.9975468084335,121.830594558852,0.17262,-0.26449,0.52039,0.172620024477836,-0.2644899570077,0.520390019871592,2.44778356472963e-08,4.29923003308907e-08,1.98715919275116e-08,5.33139990194987e-08,1,0.8212,0,0,0,0.604903259820742,-1.58767403044932e-08,0.462472370746982,-0.913815444985533,-0.216296740179258,-1.58767403044932e-08,0.462472370746982,-0.913815444985533,-12.3928903347092,-9.0967021187271e-07,26.4977149852115,-52.3577682515403,0.73025,0.106,0.51224,0.730249973751335,0.105999991947916,0.512239992749956,-2.62486651303462e-08,-8.05208442977712e-09,-7.25004423163256e-09,2.83970355169327e-08,1
-1.5213,-0.65549,0.62832,-0.32374,-0.846944757972795,-0.655487822167852,-0.628274245165899,1.80260500471426,0.674355242027205,2.17783214839784e-06,-1.2565942451659,2.12634500471426,38.637709260682,0.000124780590591105,-71.9975468084335,121.830594558852,0.17262,-0.26449,0.52039,0.172620024477836,-0.2644899570077,0.520390019871592,2.44778356472963e-08,4.29923003308907e-08,1.98715919275116e-08,5.33139990194987e-08,1,1.2015,0,0,0,0.985207683743098,-9.01505390979833e-08,0.462464215806534,-1.43999507802247,-0.216292316256902,-9.01505390979833e-08,0.462464215806534,-1.43999507802247,-12.3926368626293,-5.16524541114356e-06,26.4972477415417,-82.5056404902992,0.55375,0.106,0.62276,0.553750031255866,0.105999954278957,0.622760000424065,3.12558660064965e-08,-4.57210434928745e-08,4.24064672266411e-10,5.53852219345527e-08,1
-1.5213,-0.65549,0.62832,-0.32374,-0.846944757972795,-0.655487822167852,-0.628274245165899,1.80260500471426,0.674355242027205,2.17783214839784e-06,-1.2565942451659,2.12634500471426,38.637709260682,0.000124780590591105,-71.9975468084335,121.830594558852,0.17262,-0.26449,0.52039,0.172620024477836,-0.2644899570077,0.520390019871592,2.44778356472963e-08,4.29923003308907e-08,1.98715919275116e-08,5.33139990194987e-08,1,1.2015,-0.0041263,0,0,0.985212685330429,0.00423894780167451,0.462534094638362,-0.727311173365365,-0.216287314669571,0.00836524780167451,0.462534094638362,-0.727311173365365,-12.3923502927844,0.47929339361704,26.5012515036828,-41.6718606265432,0.55378,0.10815,0.62284,0.553779982524355,0.108150002074364,0.622840018126439,-1.74756453752423e-08,2.07436415267104e-09,1.81264394605307e-08,2.52639857392969e-08,1
-1.5213,-0.65549,0.62832,-0.32374,-0.846944757972795,-0.655487822167852,-0.628274245165899,1.80260500471426,0.674355242027205,2.17783214839784e-06,-1.2565942451659,2.12634500471426,38.637709260682,0.000124780590591105,-71.9975468084335,121.830594558852,0.17262,-0.26449,0.52039,0.172620024477836,-0.2644899570077,0.520390019871592,2.44778356472963e-08,4.29923003308907e-08,1.98715919275116e-08,5.33139990194987e-08,1,1.2015,-0.4087,0,0,0.971200166685487,0.419387292763945,0.461699653043514,-1.00713254848789,-0.230299833314513,0.828087292763945,0.461699653043514,-1.00713254848789,-13.195208471488,47.4459069437883,26.4534415220478,-57.7044444386111,0.54156,0.31453,0.59127,0.541559998901732,0.31453001708356,0.591270003329665,-1.09826781002909e-09,1.70835601220887e-08,3.32966532123891e-09,1.74396355976559e-08,1
-1.5213,-0.65549,0.62832,-0.32374,-0.846944757972795,-0.655487822167852,-0.628274245165899,1.80260500471426,0.674355242027205,2.17783214839784e-06,-1.2565942451659,2.12634500471426,38.637709260682,0.000124780590591105,-71.9975468084335,121.830594558852,0.17262,-0.26449,0.52039,0.172620024477836,-0.2644899570077,0.520390019871592,2.44778356472963e-08,4.29923003308907e-08,1.98715919275116e-08,5.33139990194987e-08,1,1.2015,-0.84564,0,0,0.898878601058714,0.871939514456884,0.45763391097973,-2.08194565602177,-0.302621398941286,1.71757951445688,0.45763391097973,-2.08194565602177,-17.3389289496804,98.4100571565086,26.2204916612042,-119.286699265643,0.4967,0.50284,0.47537,0.49670000382935,0.502840006669808,0.475369997169871,3.8293499482478e-09,6.66980815022811e-09,-2.83012935309301e-09,8.19511402862909e-09,1
-1.5213,-0.65549,0.62832,-0.32374,-0.846944757972795,-0.655487822167852,-0.628274245165899,1.80260500471426,0.674355242027205,2.17783214839784e-06,-1.2565942451659,2.12634500471426,38.637709260682,0.000124780590591105,-71.9975468084335,121.830594558852,0.17262,-0.26449,0.52039,0.172620024477836,-0.2644899570077,0.520390019871592,2.44778356472963e-08,4.29923003308907e-08,1.98715919275116e-08,5.33139990194987e-08,1,1.2015,-0.8861,0,0,0.886563436299909,0.914404407135842,0.456885329611283,-2.47532613171352,-0.314936563700091,1.80050440713584,0.456885329611283,-2.47532613171352,-18.0445359143682,103.161303523588,26.17760110817,-141.825740265629,0.49114,0.51718,0.46098,0.491140030995248,0.51717999996876,0.460979954250141,3.09952476462705e-08,-3.12403436453224e-11,-4.57498592898453e-08,5.52607996472486e-08,1
-1.5213,-0.65549,0.62832,-0.32374,-0.846944757972795,-0.655487822167852,-0.628274245165899,1.80260500471426,0.674355242027205,2.17783214839784e-06,-1.2565942451659,2.12634500471426,38.637709260682,0.000124780590591105,-71.9975468084335,121.830594558852,0.17262,-0.26449,0.52039,0.172620024477836,-0.2644899570077,0.520390019871592,2.44778356472963e-08,4.29923003308907e-08,1.98715919275116e-08,5.33139990194987e-08,1,1.2015,-0.84564,0,0,0.898878601058714,0.871939514456884,0.45763391097973,-2.08194565602177,-0.302621398941286,1.71757951445688,0.45763391097973,-2.08194565602177,-17.3389289496804,98.4100571565086,26.2204916612042,-119.286699265643,0.4967,0.50284,0.47537,0.49670000382935,0.502840006669808,0.475369997169871,3.8293499482478e-09,6.66980815022811e-09,-2.83012935309301e-09,8.19511402862909e-09,1
-1.5213,-0.65549,0.62832,-0.32374,-0.846944757972795,-0.655487822167852,-0.628274245165899,1.80260500471426,0.674355242027205,2.17783214839784e-06,-1.2565942451659,2.12634500471426,38.637709260682,0.000124780590591105,-71.9975468084335,121.830594558852,0.17262,-0.26449,0.52039,0.172620024477836,-0.2644899570077,0.520390019871592,2.44778356472963e-08,4.29923003308907e-08,1.98715919275116e-08,5.33139990194987e-08,1,1.2015,-0.82136,0,0,1.49735455364026,0.846525331496176,-0.457920311313001,-2.77667357845311,0.295854553640258,1.66788533149618,-0.457920311313001,-2.77667357845311,16.9512172733136,95.5627902065091,-26.2369011915517,-159.091677130851,0.49994,0.49395,0.48374,0.499939975803192,0.493950000592116,0.483740008589412,-2.41968076131194e-08,5.92115745323696e-10,8.58941190395868e-09,2.56829534239744e-08,1
-1.5213,-0.65549,0.62832,-0.32374,-0.846944757972795,-0.655487822167852,-0.628274245165899,1.80260500471426,0.674355242027205,2.17783214839784e-06,-1.2565942451659,2.12634500471426,38.637709260682,0.000124780590591105,-71.9975468084335,121.830594558852,0.17262,-0.26449,0.52039,0.172620024477836,-0.2644899570077,0.520390019871592,2.44778356472963e-08,4.29923003308907e-08,1.98715919275116e-08,5.33139990194987e-08,1,1.2015,-0.82136,-0.0081725,0,1.49235064641417,0.846536807730854,-0.458080624995459,-2.76148657066236,0.290850646414169,1.66789680773085,-0.449908124995459,-2.76148657066236,16.6645145081837,95.5634477463209,-25.7778367308841,-158.221525681009,0.50185,0.49394,0.48299,0.501850000217231,0.493939987954014,0.482989981954329,2.17231233001769e-10,-1.20459857644306e-08,-1.80456711240673e-08,2.16979079351778e-08,1
-1.5213,-0.65549,0.62832,-0.32374,-0.846944757972795,-0.655487822167852,-0.628274245165899,1.80260500471426,0.674355242027205,2.17783214839784e-06,-1.2565942451659,2.12634500471426,38.637709260682,0.000124780590591105,-71.9975468084335,121.830594558852,0.17262,-0.26449,0.52039,0.172620024477836,-0.2644899570077,0.520390019871592,2.44778356472963e-08,4.29923003308907e-08,1.98715919275116e-08,5.33139990194987e-08,1,1.2015,-0.82136,-0.064812,0,0.862521516583069,0.846556288345738,0.462468472918726,-2.23651938122211,-0.338978483416931,1.66791628834574,0.527280472918726,-2.23651938122211,-19.4220364455355,95.5645639033361,30.2109457179051,-128.143121343237,0.51491,0.49356,0.47756,0.514910007933035,0.493560013682072,0.477559970072114,7.93303467361284e-09,1.36820716978292e-08,-2.99278855586671e-08,3.38498221426636e-08,1
-1.5213,-0.65549,0.62832,-0.32374,-0.846944757972795,-0.655487822167852,-0.628274245165899,1.80260500471426,0.674355242027205,2.17783214839784e-06,-1.2565942451659,2.12634500471426,38.637709260682,0.000124780590591105,-71.9975468084335,121.830594558852,0.17262,-0.26449,0.52039,0.172620024477836,-0.2644899570077,0.520390019871592,2.44778356472963e-08,4.29923003308907e-08,1.98715919275116e-08,5.33139990194987e-08,1,1.2015,-0.82136,-0.69595,0,0.270479600862684,0.849671617686136,0.826355952113601,-1.57837033179187,-0.931020399137316,1.67103161768614,1.5223059521136,-1.57837033179187,-53.3435395111536,95.7430591263341,87.2217061837538,-90.4339585203377,0.63512,0.45139,0.38895,0.635120011383508,0.451390037952876,0.388949990485341,1.13835078030533e-08,3.7952876452696e-08,-9.5146588940942e-09,4.07496480329186e-08,1
-1.5213,-0.65549,0.62832,-0.32374,-0.846944757972795,-0.655487822167852,-0.628274245165899,1.80260500471426,0.674355242027205,2.17783214839784e-06,-1.2565942451659,2.12634500471426,38.637709260682,0.000124780590591105,-71.9975468084335,121.830594558852,0.17262,-0.26449,0.52039,0.172620024477836,-0.2644899570077,0.520390019871592,2.44778356472963e-08,4.29923003308907e-08,1.98715919275116e-08,5.33139990194987e-08,1,1.2015,-0.82136,-0.81732,0,0.148380036872256,0.85102159762165,0.928601106867147,-1.28600600781795,-1.05311996312774,1.67238159762165,1.74592110686715,-1.28600600781795,-60.3393292081926,95.8204072790664,100.033910786297,-73.6827166764363,0.65056,0.43615,0.36776,0.650559994929578,0.436149985351612,0.367759984848298,-5.07042197117613e-09,-1.4648387836047e-08,-1.51517021707015e-08,2.16762202385627e-08,1
-1.5213,-0.65549,0.62832,-0.32374,-0.846944757972795,-0.655487822167852,-0.628274245165899,1.80260500471426,0.674355242027205,2.17783214839784e-06,-1.2565942451659,2.12634500471426,38.637709260682,0.000124780590591105,-71.9975468084335,121.830594558852,0.17262,-0.26449,0.52039,0.172620024477836,-0.2644899570077,0.520390019871592,2.44778356472963e-08,4.29923003308907e-08,1.98715919275116e-08,5.33139990194987e-08,1,1.2015,-0.82136,0.38831,0,1.05863860305781,0.847456356674014,0.597574447372321,-2.13612368028076,-0.142861396942187,1.66881635667401,0.209264447372321,-2.13612368028076,-8.18535510013049,95.6161340198197,11.9899696365715,-122.39087139804,0.40709,0.48032,0.50608,0.407089961178741,0.480320020628716,0.506080016408057,-3.88212592628001e-08,2.06287156800933e-08,1.64080566911196e-08,4.69239640880719e-08,1
-1.5213,-0.65549,0.62832,-0.32374,-0.846944757972795,-0.655487822167852,-0.628274245165899,1.80260500471426,0.674355242027205,2.17783214839784e-06,-1.2565942451659,2.12634500471426,38.637709260682,0.000124780590591105,-71.9975468084335,121.830594558852,0.17262,-0.26449,0.52039,0.172620024477836,-0.2644899570077,0.520390019871592,2.44778356472963e-08,4.29923003308907e-08,1.98715919275116e-08,5.33139990194987e-08,1,1.2015,-0.82136,1.4887,0,1.13519561737195,0.866157944276071,1.54007899527774,-5.7384181491277,-0.0663043826280549,1.68751794427607,0.0513789952777441,-5.7384181491277,-3.79896128780808,96.6876560596117,2.94379958503733,-328.787141026291,0.21115,0.32593,0.42787,0.211149986402326,0.325930007173926,0.427870003156691,-1.35976744863875e-08,7.17392600879663e-09,3.15669063111201e-09,1.56947972767409e-08,1
-1.5213,-0.65549,0.62832,-0.32374,-0.846944757972795,-0.655487822167852,-0.628274245165899,1.80260500471426,0.674355242027205,2.17783214839784e-06,-1.2565942451659,2.12634500471426,38.637709260682,0.000124780590591105,-71.9975468084335,121.830594558852,0.17262,-0.26449,0.52039,0.172620024477836,-0.2644899570077,0.520390019871592,2.44778356472963e-08,4.29923003308907e-08,1.98715919275116e-08,5.33139990194987e-08,1,1.2015,-0.82136,1.5292,0,1.1354376577172,0.867749157696353,1.57819238659223,2.02941025836006,-0.0660623422827957,1.68910915769635,0.0489923865922264,2.02941025836006,-3.78509339755284,96.7788258728984,2.80705698000789,116.276642704585,0.20808,0.31854,0.42168,0.208080000938607,0.31853999017695,0.42167998382145,9.38606636857742e-10,-9.82305026209218e-09,-1.61785504437795e-08,1.89504298983495e-08,1
-1.5213,-0.65549,0.62832,-0.32374,-0.846944757972795,-0.655487822167852,-0.628274245165899,1.80260500471426,0.674355242027205,2.17783214839784e-06,-1.2565942451659,2.12634500471426,38.637709260682,0.000124780590591105,-71.9975468084335,121.830594558852,0.17262,-0.26449,0.52039,0.172620024477836,-0.2644899570077,0.520390019871592,2.44778356472963e-08,4.29923003308907e-08,1.98715919275116e-08,5.33139990194987e-08,1,1.2015,-0.82136,1.5697,0,1.13557342674887,0.86947821731531,1.61638600617661,4.45390285347283,-0.06592657325113,1.69083821731531,0.0466860061766106,4.45390285347283,-3.77731440504982,96.8778936915912,2.67491111624148,255.189835865268,0.20539,0.31114,0.41533,0.20538999528627,0.311140007279498,0.41532998360365,-4.7137301562028e-09,7.27949839296471e-09,-1.63963495003472e-08,1.85486017202431e-08,1
-1.5213,-0.65549,0.62832,-0.32374,-0.846944757972795,-0.655487822167852,-0.628274245165899,1.80260500471426,0.674355242027205,2.17783214839784e-06,-1.2565942451659,2.12634500471426,38.637709260682,0.000124780590591105,-71.9975468084335,121.830594558852,0.17262,-0.26449,0.52039,0.172620024477836,-0.2644899570077,0.520390019871592,2.44778356472963e-08,4.29923003308907e-08,1.98715919275116e-08,5.33139990194987e-08,1,1.2015,-0.82136,1.5616,0,1.13553984516518,0.86913464912387,1.60875483862996,3.36611744604056,-0.0659601548348192,1.69049464912387,0.0471548386299638,3.36611744604056,-3.77923848806457,96.8582086842467,2.70177323711738,192.86432300348,0.2059,0.31262,0.41661,0.205900020632192,0.312620026987852,0.416610009121694,2.06321915385832e-08,2.69878524528089e-08,9.12169390021589e-09,3.51743771417292e-08,1
-1.5213,-0.65549,0.62832,-0.32374,-0.846944757972795,-0.655487822167852,-0.628274245165899,1.80260500471426,0.674355242027205,2.17783214839784e-06,-1.2565942451659,2.12634500471426,38.637709260682,0.000124780590591105,-71.9975468084335,121.830594558852,0.17262,-0.26449,0.52039,0.172620024477836,-0.2644899570077,0.520390019871592,2.44778356472963e-08,4.29923003308907e-08,1.98715919275116e-08,5.33139990194987e-08,1,1.2015,-0.82136,1.6749,0,1.13549233252151,0.874547631793545,1.7159814955788,-1.60141132511055,-0.0660076674784869,1.69590763179355,0.0410814955788035,-1.60141132511055,-3.78196076202024,97.1683497457966,2.35379631275079,-91.754110193287,0.2002,0.29192,0.39817,0.200199973256784,0.291920022988147,0.398170037058221,-2.67432160305781e-08,2.29881473301496e-08,3.70582204922698e-08,5.11562921582919e-08,1
-1.5213,-0.65549,0.62832,-0.32374,-0.846944757972795,-0.655487822167852,-0.628274245165899,1.80260500471426,0.674355242027205,2.17783214839784e-06,-1.2565942451659,2.12634500471426,38.637709260682,0.000124780590591105,-71.9975468084335,121.830594558852,0.17262,-0.26449,0.52039,0.172620024477836,-0.2644899570077,0.520390019871592,2.44778356472963e-08,4.29923003308907e-08,1.98715919275116e-08,5.33139990194987e-08,1,1.2015,-0.73653,1.6749,0,1.13969872002636,0.782260634905162,1.71647767154516,-1.21074613522657,-0.0618012799736425,1.51879063490516,0.0415776715451592,-1.21074613522657,-3.54095251099609,87.0202933440605,2.3822251015188,-69.3706436102579,0.20495,0.27583,0.41044,0.204950034930346,0.275830026161539,0.410440058137652,3.493034567148e-08,2.61615388796876e-08,5.81376521369137e-08,7.26948537468456e-08,1
-1.5213,-0.65549,0.62832,-0.32374,-0.846944757972795,-0.655487822167852,-0.628274245165899,1.80260500471426,0.674355242027205,2.17783214839784e-06,-1.2565942451659,2.12634500471426,38.637709260682,0.000124780590591105,-71.9975468084335,121.830594558852,0.17262,-0.26449,0.52039,0.172620024477836,-0.2644899570077,0.520390019871592,2.44778356472963e-08,4.29923003308907e-08,1.98715919275116e-08,5.33139990194987e-08,1,1.2015,-0.55852,1.6749,0,2.82281871945663,0.591034494471188,-1.71717202576299,-1.70446147374095,1.62131871945663,1.14955449447119,-3.39207202576299,-1.70446147374095,92.8947198704203,65.864620853494,-194.351410880611,-97.658448788005,0.21323,0.23878,0.43183,0.213229924751654,0.238779944047222,0.431829945130523,-7.52483459431907e-08,-5.59527781329727e-08,-5.4869477017494e-08,1.08644771876778e-07,1
-1.5213,-0.65549,0.62832,-0.32374,-0.846944757972795,-0.655487822167852,-0.628274245165899,1.80260500471426,0.674355242027205,2.17783214839784e-06,-1.2565942451659,2.12634500471426,38.637709260682,0.000124780590591105,-71.9975468084335,121.830594558852,0.17262,-0.26449,0.52039,0.172620024477836,-0.2644899570077,0.520390019871592,2.44778356472963e-08,4.29923003308907e-08,1.98715919275116e-08,5.33139990194987e-08,1,1.2015,-0.25913,1.6749,0,1.1508073044769,0.273463234925955,1.71769551877469,-2.36690512660615,-0.0506926955230991,0.532593234925955,0.0427955187746869,-2.36690512660615,-2.9044775056153,30.5153445584768,2.45200260786244,-135.61367426241,0.22142,0.16929,0.453,0.221419986161058,0.169289969940367,0.453000003921591,-1.38389417703166e-08,-3.00596334212866e-08,3.92159082984733e-09,3.3323816488828e-08,1
-1.5213,-0.65549,0.62832,-0.32374,-0.846944757972795,-0.655487822167852,-0.628274245165899,1.80260500471426,0.674355242027205,2.17783214839784e-06,-1.2565942451659,2.12634500471426,38.637709260682,0.000124780590591105,-71.9975468084335,121.830594558852,0.17262,-0.26449,0.52039,0.172620024477836,-0.2644899570077,0.520390019871592,2.44778356472963e-08,4.29923003308907e-08,1.98715919275116e-08,5.33139990194987e-08,1,1.2015,-0.34005,1.6749,0,1.14996392248689,0.35902407754781,1.71761329165475,-0.376681263959452,-0.0515360775131097,0.69907407754781,0.042713291654747,-0.376681263959452,-2.95279973416026,40.0539942104907,2.44729134092836,-21.5822466465299,0.21996,0.1887,0.44921,0.219960070416742,0.188699958081739,0.44921007659877,7.04167418819068e-08,-4.19182611677282e-08,7.65987700490633e-08,1.12174104541192e-07,1
-1.5213,-0.65549,0.62832,-0.32374,-0.846944757972795,-0.655487822167852,-0.628274245165899,1.80260500471426,0.674355242027205,2.17783214839784e-06,-1.2565942451659,2.12634500471426,38.637709260682,0.000124780590591105,-71.9975468084335,121.830594558852,0.17262,-0.26449,0.52039,0.172620024477836,-0.2644899570077,0.520390019871592,2.44778356472963e-08,4.29923003308907e-08,1.98715919275116e-08,5.33139990194987e-08,1,1.2015,-0.80935,1.6749,0,1.13615512289486,0.861430255316702,1.71607020157207,-1.66757558252316,-0.0653448771051388,1.6707802553167,0.0411702015720703,-1.66757558252316,-3.74398567092549,95.7286571234371,2.35887879178249,-95.5450428976466,0.2009,0.28971,0.39998,0.200900010724521,0.289710030084766,0.399980010812173,1.07245207714435e-08,3.00847664003179e-08,1.08121731012822e-08,3.37196026416521e-08,1
-1.5213,-0.65549,0.62832,-0.32374,-0.846944757972795,-0.655487822167852,-0.628274245165899,1.80260500471426,0.674355242027205,2.17783214839784e-06,-1.2565942451659,2.12634500471426,38.637709260682,0.000124780590591105,-71.9975468084335,121.830594558852,0.17262,-0.26449,0.52039,0.172620024477836,-0.2644899570077,0.520390019871592,2.44778356472963e-08,4.29923003308907e-08,1.98715919275116e-08,5.33139990194987e-08,1,1.2015,-0.955,1.6749,0,1.12630989882746,1.02245788299211,1.71496524276287,-6.74710268887072,-0.0751901011725375,1.97745788299211,0.0400652427628736,-6.74710268887072,-4.30807545834806,113.299990860322,2.29556931547972,-386.580508013661,0.19177,0.31484,0.37638,0.191769991854717,0.31484002873359,0.376380001471611,-8.14528300363548e-09,2.8733589729768e-08,1.47161094421477e-09,2.99020141920085e-08,1
-1.5213,-0.65549,0.62832,-0.32374,-0.846944757972795,-0.655487822167852,-0.628274245165899,1.80260500471426,0.674355242027205,2.17783214839784e-06,-1.2565942451659,2.12634500471426,38.637709260682,0.000124780590591105,-71.9975468084335,121.830594558852,0.17262,-0.26449,0.52039,0.172620024477836,-0.2644899570077,0.520390019871592,2.44778356472963e-08,4.29923003308907e-08,1.98715919275116e-08,5.33139990194987e-08,1,1.2015,-1.0602,1.6749,0,1.11576095838998,1.14227684995645,1.71380432632495,-4.76831278824226,-0.0857390416100163,2.20247684995645,0.0389043263249507,-4.76831278824226,-4.91248522375049,126.192627977773,2.22905370321938,-273.204198164539,0.1844,0.33056,0.35734,0.184399997965021,0.330560001493305,0.357340004041632,-2.03497854678325e-09,1.49330481313825e-09,4.04163180700579e-09,4.76506921400002e-09,1
-1.5213,-0.65549,0.62832,-0.32374,-0.846944757972795,-0.655487822167852,-0.628274245165899,1.80260500471426,0.674355242027205,2.17783214839784e-06,-1.2565942451659,2.12634500471426,38.637709260682,0.000124780590591105,-71.9975468084335,121.830594558852,0.17262,-0.26449,0.52039,0.172620024477836,-0.2644899570077,0.520390019871592,2.44778356472963e-08,4.29923003308907e-08,1.98715919275116e-08,5.33139990194987e-08,1,1.2015,-1.0845,1.6749,0,1.11274058809156,1.17057094485101,1.71345616480675,-3.06523421585248,-0.0887594119084378,2.25507094485101,0.0385561648067487,-3.06523421585248,-5.08553969441671,129.206047642542,2.20910551763754,-175.624983787439,0.18261,0.33388,0.35273,0.182610015492136,0.333880012439157,0.352730023615376,1.54921363237914e-08,1.24391568712134e-08,2.3615376043562e-08,3.08613819719797e-08,1
-1.5213,-0.65549,0.62832,-0.32374,-0.846944757972795,-0.655487822167852,-0.628274245165899,1.80260500471426,0.674355242027205,2.17783214839784e-06,-1.2565942451659,2.12634500471426,38.637709260682,0.000124780590591105,-71.9975468084335,121.830594558852,0.17262,-0.26449,0.52039,0.172620024477836,-0.2644899570077,0.520390019871592,2.44778356472963e-08,4.29923003308907e-08,1.98715919275116e-08,5.33139990194987e-08,1,1.2015,-1.133,1.6749,0,1.105661753191,1.22812710279378,1.71266826865489,-3.93958514236212,-0.095838246809002,2.36112710279378,0.037768268654889,-3.93958514236212,-5.49112705808894,135.282617884035,2.16396239344138,-225.721601689795,0.17897,0.34015,0.34331,0.178969996102766,0.340150054448013,0.343310030872968,-3.89723445182177e-09,5.44480125430624e-08,3.08729684594944e-08,6.27129547044539e-08,1
-1.5213,-0.65549,0.62832,-0.32374,-0.846944757972795,-0.655487822167852,-0.628274245165899,1.80260500471426,0.674355242027205,2.17783214839784e-06,-1.2565942451659,2.12634500471426,38.637709260682,0.000124780590591105,-71.9975468084335,121.830594558852,0.17262,-0.26449,0.52039,0.172620024477836,-0.2644899570077,0.520390019871592,2.44778356472963e-08,4.29923003308907e-08,1.98715919275116e-08,5.33139990194987e-08,1,1.2015,-1.2382,1.6749,0,1.0839217974176,1.35971923707834,1.71022131961743,-3.16896434074047,-0.117578202582396,2.59791923707834,0.0353213196174305,-3.16896434074047,-6.73673477070548,148.849807800436,2.0237625409114,-181.568282151887,0.17071,0.35202,0.32197,0.170709979479012,0.352020004479197,0.321970036793888,-2.05209881587454e-08,4.47919745738545e-09,3.67938882694929e-08,4.23670199431296e-08,1
-1.5213,-0.65549,0.62832,-0.32374,-0.846944757972795,-0.655487822167852,-0.628274245165899,1.80260500471426,0.674355242027205,2.17783214839784e-06,-1.2565942451659,2.12634500471426,38.637709260682,0.000124780590591105,-71.9975468084335,121.830594558852,0.17262,-0.26449,0.52039,0.172620024477836,-0.2644899570077,0.520390019871592,2.44778356472963e-08,4.29923003308907e-08,1.98715919275116e-08,5.33139990194987e-08,1,1.2015,-1.4405,1.6749,0,0.8846108687385,1.77991152158484,1.68639380537334,-6.90541517764229,-0.3168891312615,3.22041152158484,0.0114938053733362,-6.90541517764229,-18.1564097948511,184.515988482115,0.658546538436953,-395.651145464485,0.15378,0.3678,0.27822,0.153462428467044,0.367751907153428,0.278487202737724,-0.00031757153295589,-4.80928465715902e-05,0.000267202737723515,0.000417806059652388,0
-1.5213,-0.65549,0.62832,-0.32374,-0.846944757972795,-0.655487822167852,-0.628274245165899,1.80260500471426,0.674355242027205,2.17783214839784e-06,-1.2565942451659,2.12634500471426,38.637709260682,0.000124780590591105,-71.9975468084335,121.830594558852,0.17262,-0.26449,0.52039,0.172620024477836,-0.2644899570077,0.520390019871592,2.44778356472963e-08,4.29923003308907e-08,1.98715919275116e-08,5.33139990194987e-08,1,1.2015,-1.6104,1.6749,0,1.03750682395879,1.77809788315949,1.66839546535244,-1.16486901161264,-0.163993176041215,3.38849788315949,-0.00650453464756406,-1.16486901161264,-9.39611685610754,194.146627594052,-0.372682383002035,-66.7420780509798,0.1389,0.37354,0.2398,0.129286438064907,0.372442098659249,0.245621524701244,-0.00961356193509316,-0.0010979013407505,0.00582152470124378,0.01129230314334,0
-1.5213,-0.65549,0.62832,-0.32374,-0.846944757972795,-0.655487822167852,-0.628274245165899,1.80260500471426,0.674355242027205,2.17783214839784e-06,-1.2565942451659,2.12634500471426,38.637709260682,0.000124780590591105,-71.9975468084335,121.830594558852,0.17262,-0.26449,0.52039,0.172620024477836,-0.2644899570077,0.520390019871592,2.44778356472963e-08,4.29923003308907e-08,1.98715919275116e-08,5.33139990194987e-08,1,1.2015,-1.6185,1.6749,0,1.04521032932955,1.77807143984049,1.66813154393129,0.115768923797316,-0.156289670670453,3.39657143984049,-0.00676845606870979,0.115768923797316,-8.95473851090654,194.609208317533,-0.38780396655678,6.63307073235785,0.13819,0.37364,0.23795,0.128230836235767,0.37251095483739,0.243876069286947,-0.00995916376423317,-0.00112904516260987,0.00592606928694733,0.0116437959040739,0
-1.5213,-0.65549,0.62832,-0.32374,-0.846944757972795,-0.655487822167852,-0.628274245165899,1.80260500471426,0.674355242027205,2.17783214839784e-06,-1.2565942451659,2.12634500471426,38.637709260682,0.000124780590591105,-71.9975468084335,121.830594558852,0.17262,-0.26449,0.52039,0.172620024477836,-0.2644899570077,0.520390019871592,2.44778356472963e-08,4.29923003308907e-08,1.98715919275116e-08,5.33139990194987e-08,1,1.2015,-1.6104,1.6749,0,1.03750682395879,1.77809788315949,1.66839546535244,-1.16486901161264,-0.163993176041215,3.38849788315949,-0.00650453464756406,-1.16486901161264,-9.39611685610754,194.146627594052,-0.372682383002035,-66.7420780509798,0.1389,0.37354,0.2398,0.129286438064907,0.372442098659249,0.245621524701244,-0.00961356193509316,-0.0010979013407505,0.00582152470124378,0.01129230314334,0
-1.5213,-0.65549,0.62832,-0.32374,-0.846944757972795,-0.655487822167852,-0.628274245165899,1.80260500471426,0.674355242027205,2.17783214839784e-06,-1.2565942451659,2.12634500471426,38.637709260682,0.000124780590591105,-71.9975468084335,121.830594558852,0.17262,-0.26449,0.52039,0.172620024477836,-0.2644899570077,0.520390019871592,2.44778356472963e-08,4.29923003308907e-08,1.98715919275116e-08,5.33139990194987e-08,1,1.2015,-0.28341,1.6749,0,1.15059782320809,0.29912573768843,1.71765680311769,-0.570306948692614,-0.0509021767919056,0.58253573768843,0.0427568031176861,-0.570306948692614,-2.91647989820496,33.376839185087,2.44978436411522,-32.6761811870708,0.22104,0.17515,0.45202,0.221040071572597,0.175149990421353,0.452020071314202,7.15725972100234e-08,-9.57864723649671e-09,7.13142017105817e-08,1.01489420728897e-07,1
-1.5213,-0.65549,0.62832,-0.32374,-0.846944757972795,-0.655487822167852,-0.628274245165899,1.80260500471426,0.674355242027205,2.17783214839784e-06,-1.2565942451659,2.12634500471426,38.637709260682,0.000124780590591105,-71.9975468084335,121.830594558852,0.17262,-0.26449,0.52039,0.172620024477836,-0.2644899570077,0.520390019871592,2.44778356472963e-08,4.29923003308907e-08,1.98715919275116e-08,5.33139990194987e-08,1,1.2015,1.4158,1.6749,0,1.02963219478849,-1.59185791515082,1.66869437438146,-0.804250549784862,-0.171867805211511,-3.00765791515082,-0.00620562561853522,-0.804250549784862,-9.84729987279613,-172.326104757258,-0.355556157180329,-46.0801621737487,0.13964,-0.11583,0.24169,0.13038055288818,-0.114764130660798,0.247397666900883,-0.00925944711182045,0.00106586933920175,0.00570766690088301,0.010929359529098,0
-1.5213,-0.65549,0.62832,-0.32374,-0.846944757972795,-0.655487822167852,-0.628274245165899,1.80260500471426,0.674355242027205,2.17783214839784e-06,-1.2565942451659,2.12634500471426,38.637709260682,0.000124780590591105,-71.9975468084335,121.830594558852,0.17262,-0.26449,0.52039,0.172620024477836,-0.2644899570077,0.520390019871592,2.44778356472963e-08,4.29923003308907e-08,1.98715919275116e-08,5.33139990194987e-08,1,1.2015,1.6828,1.6749,0,1.29148160564976,-1.5897789601729,1.68883378607545,-2.11999678461558,0.0899816056497598,-3.2725789601729,0.0139337860754549,-2.11999678461558,5.15556623754176,-187.504962541219,0.798347134761722,-121.466868339778,0.11614,-0.11115,0.181,0.102927321035016,-0.109516859009888,0.184984381954563,-0.0132126789649837,0.00163314099011228,0.00398438195456258,0.0138966663083328,0
-1.5213,-0.65549,0.62832,-0.32374,-0.846944757972795,-0.655487822167852,-0.628274245165899,1.80260500471426,0.674355242027205,2.17783214839784e-06,-1.2565942451659,2.12634500471426,38.637709260682,0.000124780590591105,-71.9975468084335,121.830594558852,0.17262,-0.26449,0.52039,0.172620024477836,-0.2644899570077,0.520390019871592,2.44778356472963e-08,4.29923003308907e-08,1.98715919275116e-08,5.33139990194987e-08,1,1.2015,1.9498,1.6749,0,1.44436282707552,-1.69097282263174,1.75057817095739,-1.75229394551064,0.242862827075517,-3.64077282263174,0.075678170957391,-1.75229394551064,13.9150149920427,-208.600916902731,4.33603979712803,-100.399047544086,0.093929,-0.089475,0.1236,0.0939290026443504,-0.0894750023754562,0.123599996617473,2.6443503636786e-09,-2.37545622061575e-09,-3.38252681419959e-09,4.90681859769937e-09,1
-1.5213,-0.65549,0.62832,-0.32374,-0.846944757972795,-0.655487822167852,-0.628274245165899,1.80260500471426,0.674355242027205,2.17783214839784e-06,-1.2565942451659,2.12634500471426,38.637709260682,0.000124780590591105,-71.9975468084335,121.830594558852,0.17262,-0.26449,0.52039,0.172620024477836,-0.2644899570077,0.520390019871592,2.44778356472963e-08,4.29923003308907e-08,1.98715919275116e-08,5.33139990194987e-08,1,1.2015,1.9822,1.6749,0,1.3982524033733,-1.77707324799924,1.74537633566234,-1.43830972411582,0.1967524033733,-3.75927324799924,0.0704763356623395,-1.43830972411582,11.2730823223456,-215.390491146793,4.03799658899938,-82.4090768244623,0.091401,-0.085753,0.11707,0.091400993512808,-0.0857529850286255,0.117069981533411,-6.48719203355519e-09,1.49713745012381e-08,-1.84665886748814e-08,2.46422525801478e-08,1
-1.5213,-0.65549,0.62832,-0.32374,-0.846944757972795,-0.655487822167852,-0.628274245165899,1.80260500471426,0.674355242027205,2.17783214839784e-06,-1.2565942451659,2.12634500471426,38.637709260682,0.000124780590591105,-71.9975468084335,121.830594558852,0.17262,-0.26449,0.52039,0.172620024477836,-0.2644899570077,0.520390019871592,2.44778356472963e-08,4.29923003308907e-08,1.98715919275116e-08,5.33139990194987e-08,1,1.2015,1.7556,1.6749,0,1.36214437143647,-1.58806513439868,1.70482109996564,-2.45370105947117,0.160644371436467,-3.34366513439868,0.0299210999656379,-2.45370105947117,9.20424448584152,-191.577900306087,1.71435274642008,-140.586714894477,0.10989,-0.10689,0.16484,0.098811963834218,-0.105360981128252,0.167364792714715,-0.011078036165782,0.00152901887174817,0.00252479271471537,0.0114645262550537,0
-1.5213,-0.65549,0.62832,-0.32374,-0.846944757972795,-0.655487822167852,-0.628274245165899,1.80260500471426,0.674355242027205,2.17783214839784e-06,-1.2565942451659,2.12634500471426,38.637709260682,0.000124780590591105,-71.9975468084335,121.830594558852,0.17262,-0.26449,0.52039,0.172620024477836,-0.2644899570077,0.520390019871592,2.44778356472963e-08,4.29923003308907e-08,1.98715919275116e-08,5.33139990194987e-08,1,1.2015,1.3672,1.6749,0,0.984299412282726,-1.59154298809566,1.67180215426843,1.25279783544127,-0.217200587717274,-2.95874298809566,-0.00309784573157268,1.25279783544127,-12.4446769839608,-169.523485881807,-0.177493486001731,71.78002855391,0.14392,-0.1148,0.25275,0.137002983199916,-0.113953600736626,0.257462880659984,-0.00691701680008411,0.000846399263373585,0.00471288065998449,0.00841265458942306,0
-1.5213,-0.65549,0.62832,-0.32374,-0.846944757972795,-0.655487822167852,-0.628274245165899,1.80260500471426,0.674355242027205,2.17783214839784e-06,-1.2565942451659,2.12634500471426,38.637709260682,0.000124780590591105,-71.9975468084335,121.830594558852,0.17262,-0.26449,0.52039,0.172620024477836,-0.2644899570077,0.520390019871592,2.44778356472963e-08,4.29923003308907e-08,1.98715919275116e-08,5.33139990194987e-08,1,1.2015,1.0517,1.6749,0,0.363986675623537,-1.99985833622727,1.62412899409388,1.00513844591071,-0.837513324376463,-3.05155833622727,-0.0507710059061179,1.00513844591071,-47.9859787727424,-174.841413603786,-2.90896436005433,57.5901907770224,0.17072,-0.094395,0.32201,0.170720008316378,-0.0943950248764686,0.322010018984821,8.31637789189266e-09,-2.48764686072711e-08,1.89848210485621e-08,3.23793801956621e-08,1
-1.5213,-0.65549,0.62832,-0.32374,-0.846944757972795,-0.655487822167852,-0.628274245165899,1.80260500471426,0.674355242027205,2.17783214839784e-06,-1.2565942451659,2.12634500471426,38.637709260682,0.000124780590591105,-71.9975468084335,121.830594558852,0.17262,-0.26449,0.52039,0.172620024477836,-0.2644899570077,0.520390019871592,2.44778356472963e-08,4.29923003308907e-08,1.98715919275116e-08,5.33139990194987e-08,1,1.2015,0.96268,1.6749,0,0.225046467129227,-2.10280038760894,1.60499370325228,0.537297090473811,-0.976453532870773,-3.06548038760894,-0.0699062967477175,0.537297090473811,-55.9466663241341,-175.63908839012,-4.00533576503333,30.7848556288081,0.17774,-0.08451,0.34014,0.177740022048212,-0.0845100366326763,0.340140005534613,2.20482116730647e-08,-3.66326762812896e-08,5.53461332319927e-09,4.31127423640316e-08,1
-1.5213,-0.65549,0.62832,-0.32374,-0.846944757972795,-0.655487822167852,-0.628274245165899,1.80260500471426,0.674355242027205,2.17783214839784e-06,-1.2565942451659,2.12634500471426,38.637709260682,0.000124780590591105,-71.9975468084335,121.830594558852,0.17262,-0.26449,0.52039,0.172620024477836,-0.2644899570077,0.520390019871592,2.44778356472963e-08,4.29923003308907e-08,1.98715919275116e-08,5.33139990194987e-08,1,1.2015,0.85749,1.6749,0,0.0857359943254088,-2.21423046399504,1.58435766228531,-0.127138656214721,-1.11576400567459,-3.07172046399504,-0.0905423377146901,-0.127138656214721,-63.9285684577649,-175.996618430883,-5.18769381829992,-7.28450841406821,0.18558,-0.070657,0.3604,0.185579985054521,-0.0706570111082093,0.360400002863934,-1.49454786046999e-08,-1.1108209269084e-08,2.86393447845867e-09,1.88404289915651e-08,1
-1.5213,-0.65549,0.62832,-0.32374,-0.846944757972795,-0.655487822167852,-0.628274245165899,1.80260500471426,0.674355242027205,2.17783214839784e-06,-1.2565942451659,2.12634500471426,38.637709260682,0.000124780590591105,-71.9975468084335,121.830594558852,0.17262,-0.26449,0.52039,0.172620024477836,-0.2644899570077,0.520390019871592,2.44778356472963e-08,4.29923003308907e-08,1.98715919275116e-08,5.33139990194987e-08,1,1.2015,0.80085,1.6749,0,0.0201549074815296,-2.27125756516671,1.57403841531824,0.461013760883962,-1.18134509251847,-3.07210756516671,-0.100861584681761,0.461013760883962,-67.6860879498001,-176.018797694264,-5.77894311726627,26.4141427961043,0.18958,-0.062274,0.37072,0.189579990575658,-0.0622740760964447,0.370719979548638,-9.42434241757439e-09,-7.60964447080181e-08,-2.04513619928015e-08,7.93583350037333e-08,1
-1.5213,-0.65549,0.62832,-0.32374,-0.846944757972795,-0.655487822167852,-0.628274245165899,1.80260500471426,0.674355242027205,2.17783214839784e-06,-1.2565942451659,2.12634500471426,38.637709260682,0.000124780590591105,-71.9975468084335,121.830594558852,0.17262,-0.26449,0.52039,0.172620024477836,-0.2644899570077,0.520390019871592,2.44778356472963e-08,4.29923003308907e-08,1.98715919275116e-08,5.33139990194987e-08,1,1.2015,0.72802,1.6749,0,-0.0554922691867556,-2.34238004698266,1.5615369817734,0.550845279220386,-1.25699226918676,-3.07040004698266,-0.113363018226596,0.550845279220386,-72.0203519049734,-175.920964108876,-6.4952224972486,31.5611096640335,0.19445,-0.050599,0.38331,0.194449940050394,-0.0505990047255943,0.383310054783645,-5.9949605890619e-08,-4.7255942769997e-09,5.47836454534156e-08,8.13482286031903e-08,1
-1.5213,-0.65549,0.62832,-0.32374,-0.846944757972795,-0.655487822167852,-0.628274245165899,1.80260500471426,0.674355242027205,2.17783214839784e-06,-1.2565942451659,2.12634500471426,38.637709260682,0.000124780590591105,-71.9975468084335,121.830594558852,0.17262,-0.26449,0.52039,0.172620024477836,-0.2644899570077,0.520390019871592,2.44778356472963e-08,4.29923003308907e-08,1.98715919275116e-08,5.33139990194987e-08,1,1.2015,0.52574,1.6749,0,1.14072594546407,-0.559469039001421,1.71659754300091,-2.38927069541811,-0.060774054535927,-1.08520903900142,0.0416975430009088,-2.38927069541811,-3.48209682880651,-62.1778978242294,2.38909323001734,-136.895126961745,0.20623,-0.013389,0.41374,0.206229962735827,-0.0133889837765185,0.413739973220297,-3.72641726364975e-08,1.62234815095919e-08,-2.67797032327266e-08,4.8672090768814e-08,1
-1.5213,-0.65549,0.62832,-0.32374,-0.846944757972795,-0.655487822167852,-0.628274245165899,1.80260500471426,0.674355242027205,2.17783214839784e-06,-1.2565942451659,2.12634500471426,38.637709260682,0.000124780590591105,-71.9975468084335,121.830594558852,0.17262,-0.26449,0.52039,0.172620024477836,-0.2644899570077,0.520390019871592,2.44778356472963e-08,4.29923003308907e-08,1.98715919275116e-08,5.33139990194987e-08,1,1.2015,0.29109,1.6749,0,1.14772858939842,-0.308145805981473,1.71737876356642,-2.19966829535498,-0.0537714106015816,-0.599235805981473,0.0424787635664199,-2.19966829535498,-3.08087488593564,-34.3336826158587,2.43385387128995,-126.031709652577,0.21619,0.036924,0.43947,0.216189979722155,0.0369240609815002,0.439470050767994,-2.02778452362828e-08,6.09815001620384e-08,5.07679934758087e-08,8.18982510863272e-08,1
-1.5213,-0.65549,0.62832,-0.32374,-0.846944757972795,-0.655487822167852,-0.628274245165899,1.80260500471426,0.674355242027205,2.17783214839784e-06,-1.2565942451659,2.12634500471426,38.637709260682,0.000124780590591105,-71.9975468084335,121.830594558852,0.17262,-0.26449,0.52039,0.172620024477836,-0.2644899570077,0.520390019871592,2.44778356472963e-08,4.29923003308907e-08,1.98715919275116e-08,5.33139990194987e-08,1,1.2015,0.26681,1.6749,0,1.14821377683295,-0.282340311253827,1.71741929266349,-1.71846597620495,-0.0532862231670519,-0.549150311253827,0.0425192926634856,-1.71846597620495,-3.0530756936643,-31.4639951531398,2.43617601749929,-98.4608476733725,0.21697,0.042466,0.44149,0.216969992188787,0.0424660854232094,0.441490037935658,-7.81121328730094e-09,8.54232094088525e-08,3.79356581703405e-08,9.37936773964285e-08,1
